Country Name,Country Code,Series Name,2015 [YR2015],2016 [YR2016],2017 [YR2017],2018 [YR2018],2019 [YR2019],2020 [YR2020],2021 [YR2021]
Albania,ALB,GDP (constant 2015 US$),11470171826.9575,11918533446.9749,12309839868.7084,12761785703.1071,13025007474.8895,12593390460.142,13722964212.462
Albania,ALB,GDP per capita (constant 2015 US$),4199.53912925398,4431.55635814168,4648.23078660658,4893.82375538717,5072.43648354739,4980.61699524696,5511.75743402862
Albania,ALB,"Government expenditure on education, total (% of GDP)",3.41300010681152,3.91997003555298,3.54673004150391,3.08201370407389,3.8701798915863,3.32505011558533,3.00555992126465
Albania,ALB,"Unemployment, total (% of total labor force) (modeled ILO estimate)",17.193,15.418,13.616,12.304,11.466,11.639,11.474
Algeria,DZA,GDP (constant 2015 US$),187493855609.345,194806115978.439,197728207716.082,200496402625.853,202300870247.92,192185826737.373,199488888151.485
Algeria,DZA,GDP per capita (constant 2015 US$),4685.05902729002,4768.73140081027,4742.90075532529,4717.0035885361,4672.66408678635,4363.68533767783,4456.74687637774
Algeria,DZA,"Government expenditure on education, total (% of GDP)",6.17633014564047,6.50210843472458,5.73482350888796,5.8127512720176,5.57536563446523,6.19391724496515,5.51403281769924
Algeria,DZA,"Unemployment, total (% of total labor force) (modeled ILO estimate)",11.206,10.202,12.0,12.112,12.302,14.08,13.656
Angola,AGO,GDP (constant 2015 US$),102543067840.732,100799291837.039,100648701499.631,100050434318.105,99845650843.2744,95809443080.1137,97824078558.145
Angola,AGO,GDP per capita (constant 2015 US$),3641.72893919944,3454.03317187119,3328.8982124109,3196.79006983557,3083.97534427357,2864.16146036893,2832.81777132286
Angola,AGO,"Government expenditure on education, total (% of GDP)",3.48689580393413,2.75493664582725,2.46687881104886,2.18351298946275,2.07306438181603,2.66744733689285,2.29719689513241
Angola,AGO,"Unemployment, total (% of total labor force) (modeled ILO estimate)",16.472,16.572,16.617,16.602,16.497,16.696,15.799
Argentina,ARG,GDP (constant 2015 US$),594749285413.212,582376550428.09,598790850843.677,583118120294.002,571450737224.442,514874343768.066,568636554720.066
Argentina,ARG,GDP per capita (constant 2015 US$),13679.6264980954,13265.8860639123,13520.1129846159,13058.3285449954,12706.3978108968,11393.0505957877,12549.2811699342
Argentina,ARG,"Government expenditure on education, total (% of GDP)",5.77611017227173,5.54548978805542,5.45432996749878,4.87773990631104,4.77165985107422,5.27689981460571,4.65393018722534
Argentina,ARG,"Unemployment, total (% of total labor force) (modeled ILO estimate)",7.577,8.088,8.347,9.22,9.843,11.461,8.736
Armenia,ARM,GDP (constant 2015 US$),10553337518.414,10574444193.4325,11367527508.1135,11958638938.496,12867495497.6469,11941035821.9185,12633615899.6682
Armenia,ARM,GDP per capita (constant 2015 US$),3512.39350276709,3533.88503607007,3815.3747426037,4027.83393010979,4343.45839583019,4032.09043454955,4264.79961505187
Armenia,ARM,"Government expenditure on education, total (% of GDP)",2.80591011047363,2.75812005996704,2.70759010314941,2.11331180512289,2.15984239839771,2.70555996894836,2.76784992218018
Armenia,ARM,"Unemployment, total (% of total labor force) (modeled ILO estimate)",18.261,17.617,17.704,18.966,18.304,18.175,15.469
Austria,AUT,GDP (constant 2015 US$),379546097300.633,387581921834.297,396388751744.592,406235924915.185,413365268699.049,387247796560.501,406312360757.929
Austria,AUT,GDP per capita (constant 2015 US$),43915.228020857,44362.6702805116,45056.6385912412,45951.5819164034,46550.5622459492,43428.6983137234,45368.6434337368
Austria,AUT,"Government expenditure on education, total (% of GDP)",5.49143981933594,5.50954008102417,5.40181016921997,5.25437021255493,5.23678016662598,5.57961988449097,5.48071002960205
Austria,AUT,"Unemployment, total (% of total labor force) (modeled ILO estimate)",5.802,6.064,5.561,4.933,4.56,5.201,6.459
Azerbaijan,AZE,GDP (constant 2015 US$),53076235354.746,51450192645.6866,51529227685.0867,52302373078.674,53599371924.6281,51348755387.0791,54232727563.5559
Azerbaijan,AZE,GDP per capita (constant 2015 US$),5500.50364628486,5272.71817141861,5229.25259993413,5261.92938234432,5346.95318604114,5087.50022783627,5349.58226071425
Azerbaijan,AZE,"Government expenditure on education, total (% of GDP)",2.95167994499206,2.90340995788574,2.4738199710846,2.45543003082275,3.1764600276947,4.33204984664917,3.7020800113678
Azerbaijan,AZE,"Unemployment, total (% of total labor force) (modeled ILO estimate)",4.96,5.0,5.0,4.9,5.0,7.24,6.04
"Bahamas, The",BHS,GDP (constant 2015 US$),11837600000.0,11700697195.6515,12095174365.8385,12385211217.3941,12281350586.0076,9814105056.96843,11540027214.2601
"Bahamas, The",BHS,GDP per capita (constant 2015 US$),30719.405417469,30152.1619246021,30974.7477261317,31537.2423841956,31117.6299132391,24791.6704945106,29114.0597726386
"Bahamas, The",BHS,"Government expenditure on education, total (% of GDP)",2.2723175918231,2.58786212973921,2.69510162053495,2.49264112462151,2.62573176503127,3.7125229961238,3.04890655208507
"Bahamas, The",BHS,"Unemployment, total (% of total labor force) (modeled ILO estimate)",12.0,12.7,9.8,10.0,9.336,12.016,11.078
Bahrain,BHR,GDP (constant 2015 US$),32523297872.3404,33764059498.7261,35436675410.8102,36164044588.1584,36906448210.9064,34724774104.3146,36235315986.0804
Bahrain,BHR,GDP per capita (constant 2015 US$),23734.0551143019,23715.2791328712,23606.8867501313,24059.7838641562,24873.6640060134,23586.9309581516,24086.7847803428
Bahrain,BHR,"Government expenditure on education, total (% of GDP)",2.55344009399414,2.80248290251154,2.21637010574341,2.38893976833662,2.11146982812491,2.05801907522052,1.85115940115918
Bahrain,BHR,"Unemployment, total (% of total labor force) (modeled ILO estimate)",1.164,1.19,1.18,1.188,1.217,1.765,1.548
Bangladesh,BGD,GDP (constant 2015 US$),195146608978.131,209028320490.615,222803809377.443,239111739541.452,257958323968.613,266852772253.895,285368829855.224
Bangladesh,BGD,GDP per capita (constant 2015 US$),1224.38647668165,1299.83091360792,1373.75363740186,1462.25050255713,1564.20802445636,1604.6659234742,1702.08028414189
Bangladesh,BGD,"Government expenditure on education, total (% of GDP)",1.87225417109978,1.28183996677399,2.11342875356648,2.09477473545666,1.13094997406006,2.13974351741877,2.17090882504654
Bangladesh,BGD,"Unemployment, total (% of total labor force) (modeled ILO estimate)",4.397,4.35,4.372,4.439,4.504,5.539,5.457
Barbados,BRB,GDP (constant 2015 US$),5698150000.0,5783423169.47156,5824392171.7044,5750071519.41267,5763165130.17653,4935303060.93692,4930526775.24948
Barbados,BRB,GDP per capita (constant 2015 US$),20424.2087530019,20684.7801825176,20788.7046543161,20483.9550976366,20494.3871602646,17519.837062872,17475.0281776857
Barbados,BRB,"Government expenditure on education, total (% of GDP)",5.15997517232471,4.19719982147217,3.956209897995,5.40447825597088,3.72228002548218,3.86529994010925,4.49793004989624
Barbados,BRB,"Unemployment, total (% of total labor force) (modeled ILO estimate)",9.803,8.247,8.62,8.321,8.41,10.586,11.015
Belarus,BLR,GDP (constant 2015 US$),56454769844.7632,55028470318.3987,56421892161.1976,58198729025.2815,59040547731.7471,58643356627.7874,60073587228.1282
Belarus,BLR,GDP per capita (constant 2015 US$),5967.05595058777,5811.20159182547,5964.89668834561,6165.91320019277,6267.73508743505,6251.98898968645,6457.73053706343
Belarus,BLR,"Government expenditure on education, total (% of GDP)",4.78751993179321,4.94654989242554,4.79500007629395,4.83656978607178,4.97948980331421,4.86263990402222,4.60641002655029
Belarus,BLR,"Unemployment, total (% of total labor force) (modeled ILO estimate)",5.881,5.844,5.648,4.763,4.165,4.049,3.9
Belgium,BEL,GDP (constant 2015 US$),461044767544.531,466547349432.055,473426439010.72,482317238282.145,494099718080.569,470417598101.755,499839663858.827
Belgium,BEL,GDP per capita (constant 2015 US$),40893.804537772,41172.8862831209,41619.328629169,42208.3625650272,43006.4042308863,40769.0218072962,43140.9676652971
Belgium,BEL,"Government expenditure on education, total (% of GDP)",6.46963977813721,6.48613023757935,6.44915008544922,6.38883018493652,6.32381010055542,6.75470018386841,6.38081979751587
Belgium,BEL,"Unemployment, total (% of total labor force) (modeled ILO estimate)",8.482,7.83,7.09,5.941,5.364,5.545,6.248
Belize,BLZ,GDP (constant 2015 US$),2193095150.0,2192684131.16429,2152487028.0072,2170181947.82235,2262557632.66642,1956594233.22066,2308584056.87279
Belize,BLZ,GDP per capita (constant 2015 US$),6154.62264230369,6012.21296983668,5767.61921963762,5707.61059954436,5864.14611827109,5006.48453276935,5839.40157956017
Belize,BLZ,"Government expenditure on education, total (% of GDP)",5.35711002349854,5.72603988647461,5.95071983337402,6.12779998779297,5.96377992630005,5.21301984786987,5.96298980712891
Belize,BLZ,"Unemployment, total (% of total labor force) (modeled ILO estimate)",7.578,7.0,6.596,9.346,9.053,10.763,10.302
Benin,BEN,GDP (constant 2015 US$),11388160996.7738,11768488383.3269,12435945492.7429,13268812302.6618,14179807374.6843,14725558723.2985,15779238957.3117
Benin,BEN,GDP per capita (constant 2015 US$),1002.41886879614,1006.03926633023,1032.90471194182,1071.50452156932,1114.17304526443,1126.65404122154,1176.37727637273
Benin,BEN,"Government expenditure on education, total (% of GDP)",3.17298007011414,2.89910006523132,3.53558993339539,2.93161988258362,2.73204741460628,2.89898431911618,3.09692638090381
Benin,BEN,"Unemployment, total (% of total labor force) (modeled ILO estimate)",1.886,1.834,1.691,1.426,1.214,1.518,1.833
Bhutan,BTN,GDP (constant 2015 US$),2187815803.36833,2373253832.39027,2422779966.72395,2507622616.54362,2651940022.25787,2380954251.4208,2486224986.25084
Bhutan,BTN,GDP per capita (constant 2015 US$),2954.04081911097,3173.36773217431,3211.80903275593,3300.55006461736,3467.38598979356,3092.12428399363,3206.20366997254
Bhutan,BTN,"Government expenditure on education, total (% of GDP)",6.92886018753052,6.4044599533081,6.61724996566772,6.47810983657837,4.50982783818663,5.46991778261464,6.5983860642268
Bhutan,BTN,"Unemployment, total (% of total labor force) (modeled ILO estimate)",2.45,2.707,3.027,3.35,2.72,5.03,4.803
Bolivia,BOL,GDP (constant 2015 US$),33000198248.9146,34407300587.1524,35850757840.6068,36878987707.3734,37434651169.5829,32673162315.3388,35949969735.497
Bolivia,BOL,GDP per capita (constant 2015 US$),2996.01289811344,3077.57057564766,3160.16421228968,3204.53670819124,3207.3869521223,2765.0927177231,3011.55110807557
Bolivia,BOL,"Government expenditure on education, total (% of GDP)",8.1434497833252,8.15062046051025,8.09722995758057,8.01585960388184,8.09103012084961,8.43710994720459,7.96216011047363
Bolivia,BOL,"Unemployment, total (% of total labor force) (modeled ILO estimate)",3.111,3.498,3.655,3.519,3.682,7.903,5.089
Bosnia and Herzegovina,BIH,GDP (constant 2015 US$),16404348361.0926,16936219694.6475,17485647420.4505,18155173558.4672,18679105074.1119,18115912618.3228,19454976126.4078
Bosnia and Herzegovina,BIH,GDP per capita (constant 2015 US$),4662.25869219448,4876.53471495633,5099.81602856447,5360.25201017633,5583.29721276458,5490.75366635139,5995.54197590494
Bosnia and Herzegovina,BIH,"Government expenditure on education, total (% of GDP)",3.0181128667772,4.26451015472412,2.83868424239217,3.89297008514404,4.04449987411499,3.01954088371123,4.13622999191284
Bosnia and Herzegovina,BIH,"Unemployment, total (% of total labor force) (modeled ILO estimate)",27.695,25.408,20.527,18.4,15.692,15.868,14.897
Brazil,BRA,GDP (constant 2015 US$),1802211999456.42,1743173031878.48,1766232928473.27,1797736638146.82,1819683008336.22,1760056385298.89,1843880907790.44
Brazil,BRA,GDP per capita (constant 2015 US$),8936.1955889444,8577.84277969667,8628.25209645723,8722.33529970988,8771.43950372603,8435.01046209185,8799.22844579944
Brazil,BRA,"Government expenditure on education, total (% of GDP)",6.24105978012085,6.31403017044067,6.32047986984253,6.08851003646851,5.96346998214722,5.7714900970459,5.4969801902771
Brazil,BRA,"Unemployment, total (% of total labor force) (modeled ILO estimate)",8.538,11.58,12.792,12.329,11.936,13.697,13.158
Bulgaria,BGR,GDP (constant 2015 US$),50765918159.1476,52302413861.9149,53738599840.5621,54990790971.5665,57076766353.313,55288418257.0389,59616490915.7479
Bulgaria,BGR,GDP per capita (constant 2015 US$),7268.65445473873,7586.50411050819,7898.70693013652,8194.37434587757,8626.13418680372,8440.08304721192,9161.47737990726
Bulgaria,BGR,"Government expenditure on education, total (% of GDP)",3.88469004631042,3.81435990333557,4.07754993438721,4.05201005935669,4.21430015563965,4.48298978805542,4.7092399597168
Bulgaria,BGR,"Unemployment, total (% of total labor force) (modeled ILO estimate)",9.143,7.575,6.164,5.211,4.148,5.037,5.166
Burundi,BDI,GDP (constant 2015 US$),2810532912.49975,2900474875.87058,3011616941.94606,3172504889.35261,3313977733.08389,3324133212.69452,3431737891.18244
Burundi,BDI,GDP per capita (constant 2015 US$),254.402585226788,258.061970808946,261.725839288764,267.508692172687,270.411005710809,263.463876356897,264.682651664249
Burundi,BDI,"Government expenditure on education, total (% of GDP)",6.37133979797363,4.69199991226196,4.76202011108398,5.07863998413086,5.34668445378401,5.32158506838731,4.87114173892375
Burundi,BDI,"Unemployment, total (% of total labor force) (modeled ILO estimate)",1.449,1.352,1.25,1.147,1.043,1.03,1.118
Cabo Verde,CPV,GDP (constant 2015 US$),1749857620.35329,1824764034.95256,1907814790.72833,1978536809.33193,2116002110.92756,1675762033.71886,1793627260.88123
Cabo Verde,CPV,GDP per capita (constant 2015 US$),3415.06266730931,3560.1400729534,3719.71306047915,3853.67940035241,4115.90283469406,3255.93628984058,3471.6553421786
Cabo Verde,CPV,"Government expenditure on education, total (% of GDP)",4.80622005462646,4.75475978851318,4.59278011322021,4.78792270184537,4.16528987884521,7.09400702406662,6.15490303089284
Cabo Verde,CPV,"Unemployment, total (% of total labor force) (modeled ILO estimate)",11.923,12.085,12.24,12.17,12.123,14.65,13.932
Cameroon,CMR,GDP (constant 2015 US$),32210233020.4569,33671222913.4548,34863580363.1151,36242614248.5756,37502066832.7403,37599547048.5841,38854942334.5769
Cameroon,CMR,GDP per capita (constant 2015 US$),1415.00009710569,1435.61830727839,1444.90682916573,1461.01969999317,1470.31785276187,1434.51913723409,1443.57600237663
Cameroon,CMR,"Government expenditure on education, total (% of GDP)",2.65791010856628,2.56234002113342,3.05961990356445,3.03096008300781,3.0473994932468,3.10390139858492,2.8493076272306
Cameroon,CMR,"Unemployment, total (% of total labor force) (modeled ILO estimate)",3.518,3.529,3.573,3.608,3.632,3.881,3.976
Canada,CAN,GDP (constant 2015 US$),1556508816217.14,1572673952924.25,1620386284360.03,1664832887873.71,1696605090551.84,1611126165625.03,1706996679677.69
Canada,CAN,GDP per capita (constant 2015 US$),43594.1941045394,43551.3425975115,44339.3886689254,44907.3436912123,45100.2915069262,42366.1285377884,44639.193269037
Canada,CAN,"Government expenditure on education, total (% of GDP)",4.73936986923218,4.81642007827759,4.95998001098633,4.88898992538452,4.77293014526367,4.88794994354248,4.74858999252319
Canada,CAN,"Unemployment, total (% of total labor force) (modeled ILO estimate)",6.945,7.038,6.426,5.837,5.69,9.657,7.527
Central African Republic,CAF,GDP (constant 2015 US$),1695825714.19282,1776382808.69192,1856804600.57752,1927167163.54408,1986909345.61394,2004791529.66202,2024497026.49048
Central African Republic,CAF,GDP per capita (constant 2015 US$),366.322853938121,376.858254120398,387.35795131742,395.020015455909,401.82582161435,398.834274122139,396.020622931961
Central African Republic,CAF,"Government expenditure on education, total (% of GDP)",1.9102285875012,1.75408898250234,1.75365013911465,1.56587596817535,1.76792074637361,2.14468061163977,1.8725169173301
Central African Republic,CAF,"Unemployment, total (% of total labor force) (modeled ILO estimate)",5.775,5.793,5.836,5.825,5.916,6.519,6.701
Chad,TCD,GDP (constant 2015 US$),14559599499.5011,13959379525.7795,13733590857.5857,14522052213.2592,15303748438.8629,15243505756.0454,15288236703.0071
Chad,TCD,GDP per capita (constant 2015 US$),993.990730610869,923.56587204799,879.075895466718,898.834794007399,917.203710065059,884.980541933197,857.527630579087
Chad,TCD,"Government expenditure on education, total (% of GDP)",2.34283149521162,2.38847586229946,1.8390200138092,2.25947501392013,2.37245795383591,2.73960390423748,2.01648998260498
Chad,TCD,"Unemployment, total (% of total labor force) (modeled ILO estimate)",1.032,1.091,1.132,1.135,1.077,1.695,1.53
Chile,CHL,GDP (constant 2015 US$),242450355830.884,246700604515.86,250050047209.619,260027117802.785,261676645417.276,245600606668.884,273390120031.28
Chile,CHL,GDP per capita (constant 2015 US$),13433.9202987032,13505.097711133,13473.3458532934,13763.0068844795,13630.5935435578,12679.024004022,14051.4713630677
Chile,CHL,"Government expenditure on education, total (% of GDP)",4.90390014648438,5.36645984649658,5.43278980255127,5.473060131073,5.62629985809326,5.62992000579834,5.00225019454956
Chile,CHL,"Unemployment, total (% of total labor force) (modeled ILO estimate)",6.605,6.926,7.257,7.623,7.493,10.934,9.281
"Congo, Rep.",COG,GDP (constant 2015 US$),12434793867.3568,11354801748.8219,10719526284.7166,10472514332.3273,10590275024.738,9926500702.40064,10027261669.7995
"Congo, Rep.",COG,GDP per capita (constant 2015 US$),2439.35189403696,2174.19310251224,2003.27121075187,1909.9560382117,1885.51080877731,1725.51040049963,1701.79060456872
"Congo, Rep.",COG,"Government expenditure on education, total (% of GDP)",3.13882994651794,4.87114096878621,4.17235994338989,2.77167010307312,3.24716413970868,4.22208879466149,3.31281536274069
"Congo, Rep.",COG,"Unemployment, total (% of total labor force) (modeled ILO estimate)",20.02,20.298,20.737,20.84,20.494,22.286,21.998
Costa Rica,CRI,GDP (constant 2015 US$),56441920820.5194,58814921621.3159,61260269007.514,62862779082.5908,64382494195.8,61631202097.7205,66522107766.4296
Costa Rica,CRI,GDP per capita (constant 2015 US$),11714.7105980732,12084.4351325634,12468.5654531709,12679.5253643016,12877.650101079,12242.2098908533,13146.6927918465
Costa Rica,CRI,"Government expenditure on education, total (% of GDP)",6.87349987030029,6.89395999908447,7.06981992721558,6.76992988586426,6.73809003829956,6.62899017333984,6.24842977523804
Costa Rica,CRI,"Unemployment, total (% of total labor force) (modeled ILO estimate)",8.415,8.085,7.729,9.01,10.807,16.432,15.139
Cote d'Ivoire,CIV,GDP (constant 2015 US$),45815005169.2651,49101205368.91,52739979047.0655,55294253263.7438,59010785540.9857,59423700880.6615,63620992438.4818
Cote d'Ivoire,CIV,GDP per capita (constant 2015 US$),1814.71855088017,1889.27777949938,1972.81431788947,2013.32307598499,2093.09994335779,2055.08483996432,2146.47635317946
Cote d'Ivoire,CIV,"Government expenditure on education, total (% of GDP)",3.49412989616394,3.93593001365662,3.73654007911682,3.21164989471436,3.4130699634552,3.78674006462097,3.32717990875244
Cote d'Ivoire,CIV,"Unemployment, total (% of total labor force) (modeled ILO estimate)",2.573,1.896,3.272,2.852,2.401,2.588,2.623
Cuba,CUB,GDP (constant 2015 US$),87132800000.0,87579654548.8907,89164663941.1994,91169039692.7712,91020354637.1475,81054139247.4509,82070953176.2327
Cuba,CUB,GDP per capita (constant 2015 US$),7727.91997207998,7774.0698462623,7927.27769431767,8120.43123558256,8124.75282059108,7252.28811179844,7379.04275283674
Cuba,CUB,"Government expenditure on education, total (% of GDP)",8.9633578559392,9.01309318032688,8.44413540438793,8.02498461098619,9.04700486137163,11.5248184008093,9.3858620562531
Cuba,CUB,"Unemployment, total (% of total labor force) (modeled ILO estimate)",2.4,2.0,1.7,1.7,1.705,2.233,2.11
Czechia,CZE,GDP (constant 2015 US$),189107698561.919,193988322685.058,204024435232.921,209798950825.42,217279912681.73,205753475017.539,214043320221.167
Czechia,CZE,GDP per capita (constant 2015 US$),17931.5987670768,18359.0978103904,19257.6930680911,19736.6295261285,20360.0599221814,19233.1469549829,20373.8783043424
Czechia,CZE,"Government expenditure on education, total (% of GDP)",5.71913003921509,5.50080013275146,3.75574994087219,4.21541023254395,4.46737003326416,4.62503004074097,4.65163993835449
Czechia,CZE,"Unemployment, total (% of total labor force) (modeled ILO estimate)",5.048,3.952,2.893,2.246,2.015,2.55,2.803
Dominican Republic,DOM,GDP (constant 2015 US$),70966782572.4386,75735566406.0476,78714898894.6559,84301701754.6018,88427452425.8944,81415993438.0734,92824351636.8768
Dominican Republic,DOM,GDP per capita (constant 2015 US$),6800.95309395474,7177.75376475488,7379.39978067137,7818.70593240469,8117.04639185786,7395.8734262396,8344.90510312395
Dominican Republic,DOM,"Government expenditure on education, total (% of GDP)",3.60400277306673,3.85049560792469,3.92026752279272,3.92849467476802,4.04276873126053,4.51769850778985,3.58043271614957
Dominican Republic,DOM,"Unemployment, total (% of total labor force) (modeled ILO estimate)",7.605,7.284,5.832,5.861,6.356,6.126,7.702
Ecuador,ECU,GDP (constant 2015 US$),97209558000.0,96540800718.3398,102304671535.156,103373033702.498,103544017315.435,93971273313.9152,102825145845.295
Ecuador,ECU,GDP per capita (constant 2015 US$),5976.1596805651,5849.13587933672,6104.27253521751,6063.0956178776,5971.38938386723,5355.68934196443,5815.09477390949
Ecuador,ECU,"Government expenditure on education, total (% of GDP)",5.10570001602173,4.46397668804552,4.60667733499397,4.6250260585881,4.24576997756958,4.26103019714355,3.65649008750915
Ecuador,ECU,"Unemployment, total (% of total labor force) (modeled ILO estimate)",3.616,4.597,3.836,3.53,3.812,6.116,4.504
El Salvador,SLV,GDP (constant 2015 US$),23438240000.0,24033351541.724,24573529736.8617,25166352435.5773,25779775126.5993,23744951345.511,26571731219.3539
El Salvador,SLV,GDP per capita (constant 2015 US$),3790.34089108162,3875.84691357954,3954.84014277572,4046.16291720583,4143.11437097867,3808.53195436409,4247.54750394978
El Salvador,SLV,"Government expenditure on education, total (% of GDP)",3.90987992286682,3.82523989677429,3.7252299785614,3.60575008392334,3.38710999488831,3.66088008880615,3.57766008377075
El Salvador,SLV,"Unemployment, total (% of total labor force) (modeled ILO estimate)",3.998,4.418,4.385,4.006,4.17,5.008,4.327
Estonia,EST,GDP (constant 2015 US$),23311847750.9394,24032887679.5037,25387062190.0468,26326306710.8582,27307395871.0676,26519903136.8312,28709089435.1187
Estonia,EST,GDP per capita (constant 2015 US$),17722.1557669523,18264.9873304279,19270.8141210511,19914.3454922878,20579.8756732376,19946.945696898,21570.6658455268
Estonia,EST,"Government expenditure on education, total (% of GDP)",5.05127000808716,5.05511999130249,4.86288022994995,5.13962984085083,5.16415023803711,5.44180011749268,5.21514987945557
Estonia,EST,"Unemployment, total (% of total labor force) (modeled ILO estimate)",6.412,6.882,5.807,5.412,4.514,6.956,6.178
Eswatini,SWZ,GDP (constant 2015 US$),3908217914.21824,4023477834.54531,4165142616.56823,4167866438.89669,4435938143.62829,4304996589.59367,4487365678.93282
Eswatini,SWZ,GDP per capita (constant 2015 US$),3419.82276559528,3500.17688847942,3596.23605400492,3565.54285067501,3759.67106964666,3609.3669136859,3719.03838239806
Eswatini,SWZ,"Government expenditure on education, total (% of GDP)",5.35494723006471,5.43355309210979,6.177914116856,5.73687354676617,5.69914824136892,5.32546270122803,5.28714899285221
Eswatini,SWZ,"Unemployment, total (% of total labor force) (modeled ILO estimate)",23.431,22.718,24.543,26.471,28.222,32.978,34.153
Ethiopia,ETH,GDP (constant 2015 US$),62103418181.8182,67961933367.1549,74461941569.3207,79537377550.6924,86189951998.924,91412658764.8474,96569731965.9612
Ethiopia,ETH,GDP per capita (constant 2015 US$),597.912113218663,636.835680951429,678.98541915757,705.96881207336,744.702789753973,768.705424485209,790.65701959778
Ethiopia,ETH,"Government expenditure on education, total (% of GDP)",4.73791868878759,5.06151399998447,5.49905076025271,5.22011189522399,4.48086946127054,4.0905654220699,4.06524874309096
Ethiopia,ETH,"Unemployment, total (% of total labor force) (modeled ILO estimate)",2.442,2.556,2.665,2.811,2.928,3.998,3.935
Fiji,FJI,GDP (constant 2015 US$),4682479893.97558,4796997047.63002,5053797787.50532,5246466309.21901,5215934671.17568,4319652697.81901,4131922233.08409
Fiji,FJI,GDP per capita (constant 2015 US$),5097.53106864695,5218.85823412748,5500.67840152349,5720.21447177109,5701.10435269432,4721.1228189763,4507.33353596072
Fiji,FJI,"Government expenditure on education, total (% of GDP)",4.80931781024695,4.83590249175322,4.65119160575452,4.79706049383602,5.15273175975853,5.80519512902055,4.8526862712935
Fiji,FJI,"Unemployment, total (% of total labor force) (modeled ILO estimate)",4.288,4.319,4.418,4.523,4.661,5.054,5.225
Finland,FIN,GDP (constant 2015 US$),233210733506.25,239208760000.401,247110710501.527,250058685918.643,253433824168.6,247120696232.09,253734502126.393
Finland,FIN,GDP per capita (constant 2015 US$),42560.3456767103,43529.6761616969,44862.220404205,45337.2409550575,45898.5708448954,44690.9801103074,45792.0454180872
Finland,FIN,"Government expenditure on education, total (% of GDP)",7.07199001312256,6.90873003005981,6.40826988220215,6.31771993637085,6.45300006866455,6.6812801361084,6.58820009231567
Finland,FIN,"Unemployment, total (% of total labor force) (modeled ILO estimate)",9.376,8.818,8.64,7.361,6.695,7.759,7.617
Gabon,GAB,GDP (constant 2015 US$),14383107762.6952,14683922149.3088,14753324537.1727,14876945089.6921,15460241661.1259,15176119359.5429,15398898313.7955
Gabon,GAB,GDP per capita (constant 2015 US$),7047.12654634355,6991.3251446736,6840.05959347802,6724.5961429108,6817.56879468764,6534.27966528997,6479.04900690761
Gabon,GAB,"Government expenditure on education, total (% of GDP)",2.82435985823512,2.66773089670199,3.55570801059931,3.071542956299,2.87430983233369,3.39874087928788,2.7007928993976
Gabon,GAB,"Unemployment, total (% of total labor force) (modeled ILO estimate)",19.943,20.117,20.307,20.459,20.371,21.279,21.223
"Gambia, The",GMB,GDP (constant 2015 US$),1378176608.93204,1404959537.12175,1472715273.80675,1579264608.77791,1677527292.27233,1687449652.95674,1776141480.03218
"Gambia, The",GMB,GDP per capita (constant 2015 US$),619.536364296461,615.193365494386,628.777299272925,658.127833258563,682.797642940426,670.758642891251,689.49323955737
"Gambia, The",GMB,"Government expenditure on education, total (% of GDP)",2.16002988815308,2.0244300365448,2.45919445096525,2.36543989181519,2.80809703332656,2.88734569797808,3.04477694635226
"Gambia, The",GMB,"Unemployment, total (% of total labor force) (modeled ILO estimate)",7.226,6.244,5.097,4.055,4.481,5.84,6.213
Georgia,GEO,GDP (constant 2015 US$),15223796148.8396,15749049874.5344,16561685511.0983,17565660917.3341,18510819818.4957,17346401920.57,19192793472.268
Georgia,GEO,GDP per capita (constant 2015 US$),4086.6223465965,4225.09154904806,4442.50744127374,4713.65354845303,4975.81148194814,4659.60925318234,5175.19865185825
Georgia,GEO,"Government expenditure on education, total (% of GDP)",3.10870368877345,3.52338004112244,3.52442002296448,3.46094989776611,3.82985997200012,3.80951130708125,3.59441995620727
Georgia,GEO,"Unemployment, total (% of total labor force) (modeled ILO estimate)",16.506,16.604,13.939,12.667,11.565,11.734,11.785
Germany,DEU,GDP (constant 2015 US$),3425099578746.09,3501212900675.89,3599173571724.7,3640049243667.4,3675639268112.03,3523764998709.97,3661544208117.2
Germany,DEU,GDP per capita (constant 2015 US$),41929.7549110722,42516.9337063103,43543.4807050551,43905.8550061973,44235.2658954682,42372.8726784255,44011.0194631674
Germany,DEU,"Government expenditure on education, total (% of GDP)",4.76157999038696,4.76321983337402,4.77830982208252,4.88401985168457,5.02757978439331,5.51600980758667,5.36734008789062
Germany,DEU,"Unemployment, total (% of total labor force) (modeled ILO estimate)",4.612,4.104,3.781,3.384,3.163,3.881,3.594
Ghana,GHA,GDP (constant 2015 US$),49436806230.4839,51104539956.3997,55258774288.879,58684861220.5087,62503939826.8611,62825173619.4157,66014472471.1465
Ghana,GHA,GDP per capita (constant 2015 US$),1722.77282833606,1740.81101902928,1841.44636153249,1915.4532323781,1999.55372220211,1970.19411460398,2030.04866500967
Ghana,GHA,"Government expenditure on education, total (% of GDP)",4.43404006958008,4.3945198059082,3.53362989425659,3.8861300945282,3.15307114842573,3.40915991351725,3.4005042684722
Ghana,GHA,"Unemployment, total (% of total labor force) (modeled ILO estimate)",6.806,5.256,3.369,3.204,3.067,3.178,3.2
Guatemala,GTM,GDP (constant 2015 US$),62186066547.6566,63851286764.0999,65817811430.0879,68060140995.097,70794727937.1204,69530651433.0831,75122100458.9218
Guatemala,GTM,GDP per capita (constant 2015 US$),3893.50533299068,3924.77894837098,3972.74057836068,4040.2121371198,4139.12203836307,4005.83911593999,4268.62858565412
Guatemala,GTM,"Government expenditure on education, total (% of GDP)",3.03032994270325,2.94474005699158,2.95009994506836,3.13193988800049,3.19297003746033,3.29485011100769,3.09189009666443
Guatemala,GTM,"Unemployment, total (% of total labor force) (modeled ILO estimate)",2.506,2.583,2.462,2.283,2.193,2.965,2.174
Guinea,GIN,GDP (constant 2015 US$),8794201742.84609,9745789528.35549,10749606370.4679,11433119223.7578,12075307751.6835,12643401588.6985,13349198344.073
Guinea,GIN,GDP per capita (constant 2015 US$),747.356966759448,807.236421043888,867.907502577607,899.907328045175,926.42221954853,945.570903389665,973.646890096159
Guinea,GIN,"Government expenditure on education, total (% of GDP)",2.51713991165161,2.54450011253357,2.3203399181366,2.38432002067566,1.85811996459961,2.44806003570557,2.04074820610586
Guinea,GIN,"Unemployment, total (% of total labor force) (modeled ILO estimate)",5.15,4.997,4.86,4.835,5.018,6.007,5.815
Haiti,HTI,GDP (constant 2015 US$),14849629308.6025,15118774099.5928,15498296353.5977,15756778637.9976,15485274058.243,14973407477.2561,14704149691.2104
Haiti,HTI,GDP per capita (constant 2015 US$),1411.12684746796,1416.74881879698,1432.67228609541,1437.35251928349,1394.42114071112,1331.69778506932,1292.71954963551
Haiti,HTI,"Government expenditure on education, total (% of GDP)",1.85497999191284,1.38776004314423,1.49846994876862,1.63715994358063,1.08414978067408,1.11353641558643,1.24275181117048
Haiti,HTI,"Unemployment, total (% of total labor force) (modeled ILO estimate)",13.785,13.902,13.932,13.934,14.095,15.573,15.296
Honduras,HND,GDP (constant 2015 US$),20979791685.416,21796529142.7732,22852116284.6356,23730778960.5382,24338200129.3672,22156260473.8169,24940257609.6892
Honduras,HND,GDP per capita (constant 2015 US$),2271.20265980349,2315.72983058198,2383.37398439714,2430.13503657762,2447.61649282181,2189.43168668222,2423.76634916911
Honduras,HND,"Government expenditure on education, total (% of GDP)",6.41298007965088,6.09509492079297,5.74434396129576,6.05646991729736,5.98198266311593,6.09801328648889,5.88160201792279
Honduras,HND,"Unemployment, total (% of total labor force) (modeled ILO estimate)",6.147,6.727,5.528,5.648,5.698,10.982,8.506
"Hong Kong SAR, China",HKG,GDP (constant 2015 US$),309385622601.348,316116086739.67,328116204743.636,337457513840.276,331813719170.552,310097161184.35,330112209080.37
"Hong Kong SAR, China",HKG,GDP per capita (constant 2015 US$),42432.1619740441,43087.5455578429,44380.8100340362,45280.5079891951,44195.2768644431,41451.2981131333,44530.9262090583
"Hong Kong SAR, China",HKG,"Government expenditure on education, total (% of GDP)",3.26210999488831,3.29269003868103,3.30989003181458,3.32624006271362,3.81017994880676,4.40563011169434,4.00030994415283
"Hong Kong SAR, China",HKG,"Unemployment, total (% of total labor force) (modeled ILO estimate)",3.314,3.392,3.124,2.805,2.917,5.808,5.174
Hungary,HUN,GDP (constant 2015 US$),125244126623.289,128298381762.592,133589642960.172,141078862882.165,148241697677.304,141809897486.431,152052706989.445
Hungary,HUN,GDP per capita (constant 2015 US$),12782.9412577973,13145.6559885563,13734.2442804335,14533.7783144312,15290.8085466331,14664.2971195385,15787.9535427563
Hungary,HUN,"Government expenditure on education, total (% of GDP)",4.49287986755371,4.60210990905762,4.64034986495972,4.60567998886108,4.20140981674194,4.12265014648438,4.65407991409302
Hungary,HUN,"Unemployment, total (% of total labor force) (modeled ILO estimate)",6.813,5.115,4.156,3.667,3.411,4.248,4.021
Iceland,ISL,GDP (constant 2015 US$),17700486957.1907,18801118749.2807,19456350341.8065,20363166145.0836,20594942207.7632,19226227440.8995,20222255991.4032
Iceland,ISL,GDP per capita (constant 2015 US$),53505.6964079339,56049.2928648152,56657.9800285572,57731.6523401884,57118.8452718755,52464.3072858637,54285.0209153958
Iceland,ISL,"Government expenditure on education, total (% of GDP)",7.45796012878418,7.43221998214722,7.58384990692139,7.56350994110107,7.60129976272583,8.5838098526001,8.2265796661377
Iceland,ISL,"Unemployment, total (% of total labor force) (modeled ILO estimate)",3.979,2.978,2.742,2.704,3.507,5.478,6.029
India,IND,GDP (constant 2015 US$),2103588360044.94,2277267041550.36,2432016068497.75,2588974770244.57,2689205295885.31,2533830417086.54,2779348258938.77
India,IND,GDP per capita (constant 2015 US$),1583.99815907985,1694.46534973825,1788.69770318446,1883.35772705062,1936.03067741067,1806.50110583878,1965.30943437506
India,IND,"Government expenditure on education, total (% of GDP)",4.1145601272583,4.25406980514526,4.30543994903565,4.36374998092651,3.89732003211975,4.29335021972656,4.62949991226196
India,IND,"Unemployment, total (% of total labor force) (modeled ILO estimate)",7.629,7.611,7.626,7.652,6.51,7.859,6.38
Indonesia,IDN,GDP (constant 2015 US$),860854232686.214,904181621780.388,950021694164.001,999178586309.021,1049330233997.45,1027656193885.38,1065709127396.86
Indonesia,IDN,GDP per capita (constant 2015 US$),3288.22269725538,3416.81005170972,3553.51999262321,3701.32155461912,3850.90321738979,3739.44906563161,3850.68877253903
Indonesia,IDN,"Government expenditure on education, total (% of GDP)",3.58361005783081,1.21023452496964,1.05324382490056,0.994436460846179,0.964399077622927,1.01593221347809,1.03221750658374
Indonesia,IDN,"Unemployment, total (% of total labor force) (modeled ILO estimate)",4.514,4.301,3.783,4.387,3.59,4.255,3.827
Ireland,IRL,GDP (constant 2015 US$),302101388556.271,305795232417.145,336707637029.955,362595940328.693,380627401462.693,407856325068.063,474166373639.897
Ireland,IRL,GDP per capita (constant 2015 US$),64250.1385181257,64205.979777351,69748.6221034014,74029.0550611436,76485.635854651,80927.936475395,92781.2322150786
Ireland,IRL,"Government expenditure on education, total (% of GDP)",3.62438988685608,3.65881991386414,3.37737011909485,3.30347990989685,3.22984004020691,3.19163990020752,2.90461993217468
Ireland,IRL,"Unemployment, total (% of total labor force) (modeled ILO estimate)",9.908,8.374,6.713,5.741,4.95,5.623,6.357
Israel,ISR,GDP (constant 2015 US$),303469434072.296,317003511449.31,330783435889.189,344027669320.131,356792803355.853,349579824803.208,382399686301.549
Israel,ISR,GDP per capita (constant 2015 US$),36213.1041481958,37093.7879065422,37963.0491190696,38729.6426036983,39407.2016076709,37935.5432717179,40804.9689802536
Israel,ISR,"Government expenditure on education, total (% of GDP)",5.79657983779907,5.80271005630493,6.00425004959106,6.06919002532959,6.06899976730347,6.51824998855591,6.16727018356323
Israel,ISR,"Unemployment, total (% of total labor force) (modeled ILO estimate)",5.176,4.723,4.14,3.917,3.731,4.169,4.812
Italy,ITA,GDP (constant 2015 US$),1845428048839.1,1868241619489.51,1898202609462.08,1913894038926.83,1922107755078.16,1751650987235.43,1908092024820.83
Italy,ITA,GDP per capita (constant 2015 US$),30639.8829751432,31077.6792675211,31635.52277108,31819.3971830067,32180.4341017428,29469.7989238626,32267.7091050201
Italy,ITA,"Government expenditure on education, total (% of GDP)",4.05422019958496,3.795490026474,4.02662992477417,4.24094009399414,4.07843017578125,4.41803979873657,4.17118978500366
Italy,ITA,"Unemployment, total (% of total labor force) (modeled ILO estimate)",11.896,11.688,11.211,10.538,9.884,9.192,9.497
Jamaica,JAM,GDP (constant 2015 US$),14963589915.5912,15376650479.9803,15729242259.4032,16124965549.2249,16416735750.8852,15053421189.293,15912170664.5422
Jamaica,JAM,GDP per capita (constant 2015 US$),5339.30718256806,5472.28314023034,5586.1365723133,5717.87621107532,5814.79275311692,5317.84145033966,5607.45378253877
Jamaica,JAM,"Government expenditure on education, total (% of GDP)",5.45523023605347,5.31459999084473,5.26015996932983,5.41379022598267,5.16364002227783,5.38065828197341,5.63122987747192
Jamaica,JAM,"Unemployment, total (% of total labor force) (modeled ILO estimate)",8.825,8.634,7.399,5.47,4.987,6.501,5.188
Japan,JPN,GDP (constant 2015 US$),4444930651964.18,4478437728050.46,4553466417290.11,4582763011478.55,4564332550096.38,4374056271824.01,4492005937826.88
Japan,JPN,GDP per capita (constant 2015 US$),34960.6393843385,35242.199377148,35861.9728545672,36138.5290824814,36043.7844013518,34642.9718743239,35741.1601062924
Japan,JPN,"Government expenditure on education, total (% of GDP)",3.31221008300781,3.14643001556396,3.13057994842529,3.07782006263733,3.15533995628357,3.30628991127014,3.33663988113403
Japan,JPN,"Unemployment, total (% of total labor force) (modeled ILO estimate)",3.385,3.132,2.822,2.467,2.351,2.809,2.808
Jordan,JOR,GDP (constant 2015 US$),38587017887.3239,39356512808.3494,40330034782.8485,41103996749.7366,41823826702.478,41362613665.9359,42874683401.0676
Jordan,JOR,GDP per capita (constant 2015 US$),4042.75678097555,3933.14704611068,3940.70199181145,3928.77026821205,3919.06426916073,3806.87949354914,3874.32714084633
Jordan,JOR,"Government expenditure on education, total (% of GDP)",3.71272133351629,3.45282006263733,3.21305990219116,2.95461988449097,2.98846006393433,3.55303483980158,3.13837003707886
Jordan,JOR,"Unemployment, total (% of total labor force) (modeled ILO estimate)",13.075,15.275,18.12,18.257,16.801,19.213,19.837
Kazakhstan,KAZ,GDP (constant 2015 US$),184388404706.042,186416677156.152,194059760924.352,202016211108.857,211106940610.612,205829267103.2,214679925583.069
Kazakhstan,KAZ,GDP per capita (constant 2015 US$),10196.1226255982,10151.423313302,10404.2718646317,10670.2120148279,10989.6840718388,10565.0359816235,10873.3915275276
Kazakhstan,KAZ,"Government expenditure on education, total (% of GDP)",2.78858995437622,2.9780900478363,2.75081992149353,2.61595010757446,2.8569700717926,4.44620380169618,4.38569397571466
Kazakhstan,KAZ,"Unemployment, total (% of total labor force) (modeled ILO estimate)",4.93,4.96,4.9,4.85,4.8,4.89,5.568
Kenya,KEN,GDP (constant 2015 US$),70120446896.8359,73074983895.0953,75879571212.3885,80165208728.3956,84264984851.3549,84035138346.859,90413816676.9795
Kenya,KEN,GDP per capita (constant 2015 US$),1489.11959777284,1517.97796057742,1542.33773973372,1596.69045914945,1645.70961777862,1609.33414078281,1698.89578271444
Kenya,KEN,"Government expenditure on education, total (% of GDP)",4.74349021911621,4.89518022537231,4.96308994293213,5.10761976242065,5.37359210998097,5.04574892454155,4.89040202257195
Kenya,KEN,"Unemployment, total (% of total labor force) (modeled ILO estimate)",2.762,2.757,3.542,4.284,5.014,5.613,5.693
"Korea, Rep.",KOR,GDP (constant 2015 US$),1539212301135.55,1588028842393.05,1642548917819.59,1694718171579.25,1733930596323.25,1721788880530.99,1801214449834.76
"Korea, Rep.",KOR,GDP per capita (constant 2015 US$),30171.7906545222,31005.4072876388,31979.9027302467,32852.8887488942,33496.3113815643,33215.9298928108,34792.9397214598
"Korea, Rep.",KOR,"Government expenditure on education, total (% of GDP)",4.24247980117798,4.11502981185913,4.10775995254517,4.21645021438599,4.41813993453979,4.52706003189087,4.55590009689331
"Korea, Rep.",KOR,"Unemployment, total (% of total labor force) (modeled ILO estimate)",3.546,3.65,3.653,3.824,3.746,3.931,3.639
Kyrgyz Republic,KGZ,GDP (constant 2015 US$),6678177511.66313,6967733666.77765,7297999868.50301,7572252145.25549,7920623120.2686,7354379549.41978,7759385792.10421
Kyrgyz Republic,KGZ,GDP per capita (constant 2015 US$),1105.65193844261,1128.3161612818,1157.18275758067,1175.0712778747,1201.87701429721,1093.32856461422,1132.5546781282
Kyrgyz Republic,KGZ,"Government expenditure on education, total (% of GDP)",5.98551988601685,6.58616018295288,6.02618980407715,5.55267000198364,5.0802698135376,5.7331600189209,5.16667985916138
Kyrgyz Republic,KGZ,"Unemployment, total (% of total labor force) (modeled ILO estimate)",4.138,4.294,4.425,4.559,5.45,5.945,5.149
Lao PDR,LAO,GDP (constant 2015 US$),14426380125.6488,15439521179.3987,16503694943.2856,17534839203.1116,18491844275.7106,18584864138.19,19054754737.3799
Lao PDR,LAO,GDP per capita (constant 2015 US$),2121.01339097363,2234.76098741846,2351.57441747595,2459.97874636195,2554.95638019245,2529.74622698761,2556.58912640405
Lao PDR,LAO,"Government expenditure on education, total (% of GDP)",2.73689787884215,2.77442976110388,2.49797261414021,2.33501229018316,2.12201393748998,1.91597273223857,1.85949176876536
Lao PDR,LAO,"Unemployment, total (% of total labor force) (modeled ILO estimate)",2.006,2.634,3.268,2.897,2.531,2.349,2.08
Latvia,LVA,GDP (constant 2015 US$),26344565876.8902,27016796481.3321,27935083541.205,29139005429.8548,29335802338.5259,28318076614.1623,30284070900.4111
Latvia,LVA,GDP per capita (constant 2015 US$),13321.9753140616,13787.3367440023,14382.8612727134,15120.0698171804,15328.3859933295,14900.7295718866,16070.1680032322
Latvia,LVA,"Government expenditure on education, total (% of GDP)",5.46670007705688,4.82350015640259,4.52905988693237,4.39430999755859,4.58675003051758,4.99749994277954,4.76774978637695
Latvia,LVA,"Unemployment, total (% of total labor force) (modeled ILO estimate)",9.873,9.643,8.715,7.412,6.312,8.098,7.513
Liberia,LBR,GDP (constant 2015 US$),3227075700.0,3176896008.31,3254893758.73415,3292571599.13518,3211334057.92828,3115556299.79146,3270920145.66908
Liberia,LBR,GDP per capita (constant 2015 US$),692.590082351257,668.031513175601,671.260899835355,665.875439637137,636.699384824869,605.025475431411,621.927983063426
Liberia,LBR,"Government expenditure on education, total (% of GDP)",2.11587468207978,2.11479684223088,2.66330003738403,2.50391006469727,2.16508193926132,2.13601415111746,2.4235999584198
Liberia,LBR,"Unemployment, total (% of total labor force) (modeled ILO estimate)",2.557,3.081,3.067,3.058,3.071,4.102,3.844
Lithuania,LTU,GDP (constant 2015 US$),41540954817.2039,42650896790.5078,44618059836.1503,46812540124.5928,49002127329.2631,49023107998.6089,52150790162.9131
Lithuania,LTU,GDP per capita (constant 2015 US$),14269.8039878287,14823.107153522,15695.9993288456,16604.9021440809,17431.7239081591,17443.65526328,18569.7057246217
Lithuania,LTU,"Government expenditure on education, total (% of GDP)",4.21646022796631,4.01143980026245,3.81236004829407,3.85628008842468,3.9415500164032,4.47348022460938,4.23977994918823
Lithuania,LTU,"Unemployment, total (% of total labor force) (modeled ILO estimate)",9.12,7.862,7.073,6.147,6.255,8.487,7.112
"Macao SAR, China",MAC,GDP (constant 2015 US$),44940613353.1038,44625350360.8479,49051541817.7349,52170812899.485,50886936460.4335,23203378176.6445,28415367854.0484
"Macao SAR, China",MAC,GDP per capita (constant 2015 US$),69902.9605741233,68391.3415491921,75650.1261840452,79178.6506290559,75724.6078280261,33853.7761550109,41634.2386139903
"Macao SAR, China",MAC,"Government expenditure on education, total (% of GDP)",3.00247001647949,3.09952998161316,2.70949006080627,2.7334098815918,3.0654399394989,6.38948011398315,5.10697984695435
"Macao SAR, China",MAC,"Unemployment, total (% of total labor force) (modeled ILO estimate)",1.81,1.939,1.981,1.803,1.73,2.542,2.221
Madagascar,MDG,GDP (constant 2015 US$),11323020701.3017,11775165456.5346,12238318933.7165,12629254472.2012,13186360203.1442,12245161113.1284,12814644792.2069
Madagascar,MDG,GDP per capita (constant 2015 US$),445.320069480568,451.15659433146,456.851859574031,459.330367799543,467.27741349648,422.924255422319,431.599103077746
Madagascar,MDG,"Government expenditure on education, total (% of GDP)",2.21011996269226,2.68719005584717,2.70137416707567,2.84409999847412,3.01338389897728,3.25443385103636,3.19807542117225
Madagascar,MDG,"Unemployment, total (% of total labor force) (modeled ILO estimate)",1.785,1.949,2.123,2.303,2.479,3.292,3.498
Malaysia,MYS,GDP (constant 2015 US$),301355266964.947,314764917575.088,333061328477.268,349191778300.005,364602265936.14,344706479641.244,356134704342.139
Malaysia,MYS,GDP per capita (constant 2015 US$),9648.6797937523,9901.47960179812,10293.7629205362,10610.1950240479,10902.9834855856,10171.4657842762,10388.2667120857
Malaysia,MYS,"Government expenditure on education, total (% of GDP)",4.89487981796265,4.75191020965576,4.6753101348877,4.47865009307861,4.15775012969971,3.91176009178162,4.26109393398867
Malaysia,MYS,"Unemployment, total (% of total labor force) (modeled ILO estimate)",3.1,3.44,3.41,3.3,3.33,4.54,4.64
Maldives,MDV,GDP (constant 2015 US$),4129505319.12921,4392772972.49748,4703536561.40931,5106580520.20896,5460112147.97969,3663253190.26213,5037261439.19069
Maldives,MDV,GDP per capita (constant 2015 US$),9644.90655028145,9909.07669723415,10263.2991147672,10793.8941325367,11194.9253748064,7295.60220956454,9759.2219360708
Maldives,MDV,"Government expenditure on education, total (% of GDP)",3.8685998916626,3.66123008728027,3.82268559882407,3.85681779847259,4.12356944795488,5.84760793108804,4.61379747500137
Maldives,MDV,"Unemployment, total (% of total labor force) (modeled ILO estimate)",6.611,5.771,5.377,4.962,4.562,5.42,5.016
Mali,MLI,GDP (constant 2015 US$),15583181170.4105,16518961030.4362,17406945659.5769,18254289663.8519,19167003985.6926,18942920941.9796,19530329790.3727
Mali,MLI,GDP per capita (constant 2015 US$),838.11986940103,860.75307554569,878.561348377434,892.978322791418,909.751069703313,872.389426814294,872.332509419855
Mali,MLI,"Government expenditure on education, total (% of GDP)",3.19690990447998,2.59244990348816,3.18063998222351,2.98218989372253,3.00001001358032,3.3367600440979,3.66363000869751
Mali,MLI,"Unemployment, total (% of total labor force) (modeled ILO estimate)",1.404,1.367,1.498,1.62,3.29,3.528,4.006
Mauritius,MUS,GDP (constant 2015 US$),12162211503.0793,12631973062.5133,13129418116.1342,13655479838.659,14050298678.0198,12006466620.7709,12415142570.9354
Mauritius,MUS,GDP per capita (constant 2015 US$),9630.5437837507,9995.65028642071,10379.9138706732,10789.9241521132,11098.3137067341,9483.67602630847,9804.0031863121
Mauritius,MUS,"Government expenditure on education, total (% of GDP)",4.75847005844116,4.88207006454468,4.87887001037598,4.67447996139526,4.54195022583008,4.35243988037109,4.67151021957397
Mauritius,MUS,"Unemployment, total (% of total labor force) (modeled ILO estimate)",7.41,6.814,6.752,6.426,6.331,8.626,7.719
Moldova,MDA,GDP (constant 2015 US$),7797667196.73087,8159947934.63828,8500675703.95748,8847128857.51461,9161406662.06896,8403210632.93021,9573777856.36482
Moldova,MDA,GDP per capita (constant 2015 US$),2749.55137054338,2910.95486872376,3085.33305844263,3267.9961042872,3438.67732670712,3188.91691602699,3688.16729442144
Moldova,MDA,"Government expenditure on education, total (% of GDP)",5.76665405944246,5.67210006713867,5.71017980575562,5.53886985778809,6.22578001022339,6.60125017166138,5.82405996322632
Moldova,MDA,"Unemployment, total (% of total labor force) (modeled ILO estimate)",1.781,1.591,1.622,1.239,1.502,1.206,0.794
Morocco,MAR,GDP (constant 2015 US$),110413823841.592,110989284688.174,116603009678.139,120177639735.159,123651944968.713,114775951852.213,124135631043.727
Morocco,MAR,GDP per capita (constant 2015 US$),3146.24780273438,3124.42504882813,3242.64428710938,3304.7119140625,3364.73950195313,3090.89428710938,3309.130859375
Morocco,MAR,"Government expenditure on education, total (% of GDP)",5.133369043677,5.08530197423073,4.73564982004448,4.96022713486949,5.0032567210502,6.28428263644307,5.64273401285138
Morocco,MAR,"Unemployment, total (% of total labor force) (modeled ILO estimate)",9.46,9.3,9.22,9.272,9.191,11.189,10.551
Mozambique,MOZ,GDP (constant 2015 US$),16208985769.615,16970320249.5828,17418032489.647,18025039081.8692,18442825951.8799,18217911539.7402,18651030677.5113
Mozambique,MOZ,GDP per capita (constant 2015 US$),610.563774706589,620.779714954555,618.397694360334,621.153734194787,617.13932000195,591.804059985932,588.215854695416
Mozambique,MOZ,"Government expenditure on education, total (% of GDP)",5.91515660575298,5.80086994171143,5.48664999008179,5.38976001739502,5.99969523584354,6.17059556957808,6.34063583505687
Mozambique,MOZ,"Unemployment, total (% of total labor force) (modeled ILO estimate)",3.426,3.65,3.935,4.21,4.462,5.019,5.413
Namibia,NAM,GDP (constant 2015 US$),11335161083.5061,11338991738.8743,11222512162.9739,11341464002.1253,11246291861.588,10335184546.1643,10707646943.9364
Namibia,NAM,GDP per capita (constant 2015 US$),4774.10650865775,4648.62713460213,4476.73324402105,4400.47537705743,4243.09274481966,3787.49943973286,3809.80753359714
Namibia,NAM,"Government expenditure on education, total (% of GDP)",9.8507685020388,10.5927948535144,1.39524534605831,8.88112249415185,9.32253195522987,9.27799879073429,10.3914477380895
Namibia,NAM,"Unemployment, total (% of total labor force) (modeled ILO estimate)",20.791,23.352,21.748,19.877,19.929,21.003,20.931
Nepal,NPL,GDP (constant 2015 US$),24360801286.7638,24466311259.2881,26662720369.2492,28695053195.3457,30605298792.5448,29880069318.7261,31325711777.1674
Nepal,NPL,GDP per capita (constant 2015 US$),875.543635474862,875.188943730855,951.857298563641,1021.91492204011,1077.11796498188,1031.53618783934,1062.7888430629
Nepal,NPL,"Government expenditure on education, total (% of GDP)",3.25901007652283,3.90320992469788,4.76723003387451,4.43446016311646,3.89212886881753,4.24355670934502,4.42801034633091
Nepal,NPL,"Unemployment, total (% of total labor force) (modeled ILO estimate)",10.643,10.714,10.66,10.593,10.477,13.037,12.241
Netherlands,NLD,GDP (constant 2015 US$),775743675302.734,794549918521.022,816650691531.918,835096710412.613,854304699526.719,821260592382.701,872809729132.839
Netherlands,NLD,GDP per capita (constant 2015 US$),45793.8135434697,46655.0363382039,47670.1057253297,48463.0299739951,49254.0158854264,47086.5804192702,49780.8440526836
Netherlands,NLD,"Government expenditure on education, total (% of GDP)",5.27802991867065,5.38952016830444,5.08747005462646,5.26723003387451,5.0559401512146,5.29139995574951,5.37661981582642
Netherlands,NLD,"Unemployment, total (% of total labor force) (modeled ILO estimate)",6.872,6.007,4.837,3.832,3.379,3.82,4.209
New Zealand,NZL,GDP (constant 2015 US$),178224167087.99,184959455627.068,191208740301.496,197844796498.754,202429793153.827,201807833897.729,210960637812.921
New Zealand,NZL,GDP per capita (constant 2015 US$),38665.3723018158,39235.3695566636,39722.6068434219,40371.5456268118,40727.8822513384,39785.473128643,41490.1148198326
New Zealand,NZL,"Government expenditure on education, total (% of GDP)",5.70350980758667,5.49972009658813,5.27543020248413,5.1896800994873,5.1741099357605,5.64268016815185,5.5409197807312
New Zealand,NZL,"Unemployment, total (% of total labor force) (modeled ILO estimate)",5.415,5.147,4.736,4.335,4.109,4.595,3.776
Nicaragua,NIC,GDP (constant 2015 US$),12756696261.0676,13338803114.2245,13956550774.5717,13487142194.6088,13096437236.4148,12803529948.2066,14142060836.745
Nicaragua,NIC,GDP per capita (constant 2015 US$),2074.45620634731,2140.14405941606,2209.63273423213,2107.3396261623,2019.91518620044,1950.19181218473,2128.30881395452
Nicaragua,NIC,"Government expenditure on education, total (% of GDP)",4.07843017578125,4.08114004135132,4.35768985748291,4.47380693256251,4.59991969121332,4.58034059162685,4.08717467298944
Nicaragua,NIC,"Unemployment, total (% of total labor force) (modeled ILO estimate)",4.7,3.9,3.3,5.2,5.457,6.18,6.076
Niger,NER,GDP (constant 2015 US$),9683867926.44282,10239808436.9433,10752347793.0235,11527744540.163,12212475570.6373,12646096746.8881,12821067681.4111
Niger,NER,GDP per capita (constant 2015 US$),485.662574175279,495.017437216008,501.615305462902,519.546993483886,532.186024570389,533.194328910254,523.263179518652
Niger,NER,"Government expenditure on education, total (% of GDP)",4.48669004440308,2.95843005180359,2.57818007469177,3.44956994056702,3.53358621816013,3.81906792754322,3.82175828133515
Niger,NER,"Unemployment, total (% of total labor force) (modeled ILO estimate)",0.556,0.55,0.556,0.536,0.531,0.591,0.806
Nigeria,NGA,GDP (constant 2015 US$),493026682800.63,485055087455.821,488964081500.903,498365674277.734,509371727735.744,476930359891.946,482220722020.13
Nigeria,NGA,GDP per capita (constant 2015 US$),2585.73360671797,2481.81490350326,2441.71236404488,2431.77857832568,2431.53528472982,2228.68631422888,2206.66406250067
Nigeria,NGA,"Government expenditure on education, total (% of GDP)",0.436954905120644,0.393045646249364,0.396354013591345,0.419998493796127,0.358479005206684,0.35963763718498,0.381919104397325
Nigeria,NGA,"Unemployment, total (% of total labor force) (modeled ILO estimate)",4.134,4.499,4.83,5.069,5.206,5.714,5.404
Norway,NOR,GDP (constant 2015 US$),388159512245.53,392680500171.757,402355151331.034,405690399924.369,410249333418.695,405005642242.722,420836044191.958
Norway,NOR,GDP per capita (constant 2015 US$),74809.9658049898,75017.4944769055,76247.4116445341,76373.6474606092,76712.2871160349,75287.2059527598,77812.7115614383
Norway,NOR,"Government expenditure on education, total (% of GDP)",7.52335977554321,7.98443984985352,7.84599018096924,7.59564018249512,7.86455011367798,8.37281036376953,6.9602198600769
Norway,NOR,"Unemployment, total (% of total labor force) (modeled ILO estimate)",4.296,4.68,4.164,3.801,3.684,4.424,4.359
Pakistan,PAK,GDP (constant 2015 US$),299963590534.773,319682711890.74,333853050597.697,354390697428.203,363242090361.647,358614068499.253,381973779235.3
Pakistan,PAK,GDP per capita (constant 2015 US$),1380.47020838317,1452.18658269177,1495.26187528032,1561.68169819559,1573.8330826937,1526.00597486307,1595.02792175422
Pakistan,PAK,"Government expenditure on education, total (% of GDP)",2.38609004020691,2.66805005073547,2.57617998123169,2.33216949688293,2.21492004394531,2.05718240718423,1.68746129213991
Pakistan,PAK,"Unemployment, total (% of total labor force) (modeled ILO estimate)",3.566,2.285,3.204,4.083,4.83,5.994,6.338
Panama,PAN,GDP (constant 2015 US$),55767806073.1781,58317491742.8782,61667283149.9355,64083529457.2571,66072084910.0035,54297226728.12,63238418849.185
Panama,PAN,GDP per capita (constant 2015 US$),14082.6548434996,14474.124340577,15045.545619615,15375.6434854475,15602.5420714581,12647.0826553801,14552.9401400295
Panama,PAN,"Government expenditure on education, total (% of GDP)",3.26552009582519,3.32278990745544,3.37834000587463,3.4524199962616,3.28122011579173,4.30487012863159,3.71198010444641
Panama,PAN,"Unemployment, total (% of total labor force) (modeled ILO estimate)",4.335,4.717,5.338,5.161,6.256,14.663,10.177
Papua New Guinea,PNG,GDP (constant 2015 US$),21723437010.0982,22915960976.066,23725951011.6612,23659695751.3327,24719771866.5529,23936789891.162,23814388297.7556
Papua New Guinea,PNG,GDP per capita (constant 2015 US$),2484.5963398603,2557.09463030035,2584.8883636271,2518.45899317321,2572.56177967896,2438.61137922293,2378.3716816549
Papua New Guinea,PNG,"Government expenditure on education, total (% of GDP)",1.62515691017505,0.853806396301458,1.96493005752563,1.8748300075531,0.761761143914634,0.898018542083257,0.713984905932403
Papua New Guinea,PNG,"Unemployment, total (% of total labor force) (modeled ILO estimate)",2.507,2.478,2.58,2.65,2.651,2.903,3.03
Paraguay,PRY,GDP (constant 2015 US$),36211447840.1027,37756961788.4736,39573101423.9484,40841122661.1912,40677000526.5933,40343536418.8014,41964030301.4411
Paraguay,PRY,GDP per capita (constant 2015 US$),5879.33792308762,6041.95879367349,6243.1336313903,6354.2392005316,6243.53620897823,6109.19608100826,6278.11006663809
Paraguay,PRY,"Government expenditure on education, total (% of GDP)",3.33377822870463,3.43498992919922,3.09062070242279,3.2961960606943,3.48983027194334,3.93615007400513,3.41070008277893
Paraguay,PRY,"Unemployment, total (% of total labor force) (modeled ILO estimate)",4.556,5.255,6.138,6.217,6.595,7.548,7.311
Peru,PER,GDP (constant 2015 US$),189802976285.619,197306492869.139,202276318741.548,210305376512.78,215017545590.315,191509018299.917,217099648514.382
Peru,PER,GDP per capita (constant 2015 US$),6231.71150338894,6392.25474941014,6457.41940254721,6593.14437459526,6626.26083494969,5831.83024758521,6547.84718181776
Peru,PER,"Government expenditure on education, total (% of GDP)",3.96933007240295,3.81316995620727,3.93130993843079,3.71392011642456,3.822429895401,4.25937986373901,3.92765998840332
Peru,PER,"Unemployment, total (% of total labor force) (modeled ILO estimate)",3.272,3.741,3.691,3.492,3.379,7.179,5.097
Philippines,PHL,GDP (constant 2015 US$),306445871242.322,328355086268.976,351113338965.581,373379140695.818,396224439236.642,358510629276.391,378998554988.857
Philippines,PHL,GDP per capita (constant 2015 US$),2909.85818010301,3076.3374186759,3247.4503878362,3410.93647976109,3575.88170922922,3198.66690008413,3350.97587587776
Philippines,PHL,"Government expenditure on education, total (% of GDP)",2.83052303785203,3.30128109042443,3.96384087403915,3.85502760745456,3.40748649142134,3.85829051308063,3.87249754784633
Philippines,PHL,"Unemployment, total (% of total labor force) (modeled ILO estimate)",3.068,2.695,2.552,2.338,2.237,2.522,3.398
Poland,POL,GDP (constant 2015 US$),480054118583.367,494605411858.337,520089746650.75,552573816155.989,577884228677.544,566120997479.772,605337233054.782
Poland,POL,GDP per capita (constant 2015 US$),12637.5220324406,13026.1858988718,13695.6452848724,14551.0850277089,15221.3090624454,15090.2228440113,16368.6239689025
Poland,POL,"Government expenditure on education, total (% of GDP)",4.78748989105225,4.62726020812988,4.54246997833252,4.55985021591187,4.62736988067627,4.80081987380981,4.61998987197876
Poland,POL,"Unemployment, total (% of total labor force) (modeled ILO estimate)",7.475,6.141,4.867,3.835,3.267,3.155,3.268
Puerto Rico (US),PRI,GDP (constant 2015 US$),103375500000.0,102069149649.478,99124231779.4147,94801000739.6964,96389357184.3707,92359439312.9166,92715228856.7798
Puerto Rico (US),PRI,GDP per capita (constant 2015 US$),29242.041465085,29326.5748761873,29061.5563802711,28808.8518638025,29185.0969964707,28144.7223184239,28416.6231262223
Puerto Rico (US),PRI,"Government expenditure on education, total (% of GDP)",3.34032241682023,2.78358429967595,2.72538873126429,2.60388715714737,3.32791002069889,4.28663184360846,3.7296700261025
Puerto Rico (US),PRI,"Unemployment, total (% of total labor force) (modeled ILO estimate)",12.0,11.8,10.8,9.2,8.3,8.89,7.9
Romania,ROU,GDP (constant 2015 US$),177885131240.315,182972525962.275,197967999561.02,208647427408.285,216910469745.256,209105975817.662,220789460074.341
Romania,ROU,GDP per capita (constant 2015 US$),8977.01748158196,9286.87678236598,10106.2269557253,10714.1701157127,11197.3162915853,10854.049431887,11546.3224998072
Romania,ROU,"Government expenditure on education, total (% of GDP)",3.10693001747131,3.0255401134491,3.11819005012512,3.31710004806519,3.55761003494263,3.57968997955322,3.31562995910644
Romania,ROU,"Unemployment, total (% of total labor force) (modeled ILO estimate)",6.812,5.901,4.927,4.187,3.912,5.035,5.59
Russian Federation,RUS,GDP (constant 2015 US$),1363482182197.71,1366123111808.03,1391065651845.68,1430116278515.49,1461551317106.21,1422766794794.99,1506233291759.56
Russian Federation,RUS,GDP per capita (constant 2015 US$),9277.7138671875,9269.3193359375,9418.9140625,9674.787109375,9882.0244140625,9632.3251953125,10231.318359375
Russian Federation,RUS,"Government expenditure on education, total (% of GDP)",3.83402991294861,3.76044011116028,4.68990993499756,4.67819023132324,3.69561429198336,4.01641864383637,3.99480697864774
Russian Federation,RUS,"Unemployment, total (% of total labor force) (modeled ILO estimate)",5.615,5.591,5.238,4.871,4.513,5.62,4.749
Rwanda,RWA,GDP (constant 2015 US$),8543760199.80208,9053886356.47148,9408633100.29498,10209916254.6891,11174486370.4509,10797494124.6384,11969932683.8627
Rwanda,RWA,GDP per capita (constant 2015 US$),733.998629882494,759.606288155109,771.069237513582,817.578437300032,874.639658935978,826.391307701022,896.271033574985
Rwanda,RWA,"Government expenditure on education, total (% of GDP)",3.64713001251221,3.43482995033264,3.1247398853302,3.07376003265381,3.23821222605582,3.33309745728459,5.58984994888306
Rwanda,RWA,"Unemployment, total (% of total labor force) (modeled ILO estimate)",11.831,11.788,11.875,10.759,11.236,11.829,15.775
Samoa,WSM,GDP (constant 2015 US$),824150498.653536,889949544.378272,902464748.18719,896962897.99084,936894420.746212,907769700.504801,861986288.32084
Samoa,WSM,GDP per capita (constant 2015 US$),4084.36083819933,4373.23792440391,4393.37316255965,4321.00518344962,4466.08075482035,4283.06392492734,4032.13733959294
Samoa,WSM,"Government expenditure on education, total (% of GDP)",4.42452121728174,3.98114991188049,4.18871569584785,4.47214854040471,4.58404753905646,4.50316850152178,5.2162847162306
Samoa,WSM,"Unemployment, total (% of total labor force) (modeled ILO estimate)",8.901,9.063,9.4,8.649,7.858,7.467,6.664
Sao Tome and Principe,STP,GDP (constant 2015 US$),259999643.047388,273459368.754364,284706696.977306,297171520.830854,303157496.465873,311114954.79799,317023957.753826
Sao Tome and Principe,STP,GDP per capita (constant 2015 US$),1298.10946596396,1342.533807689,1375.59403284199,1413.84348618541,1420.66008316091,1430.84119299096,1428.28676097975
Sao Tome and Principe,STP,"Government expenditure on education, total (% of GDP)",4.69794988632202,6.11515998840332,5.87489986419678,5.62454986572266,6.10573891896978,5.02931173372591,5.53985041124283
Sao Tome and Principe,STP,"Unemployment, total (% of total labor force) (modeled ILO estimate)",10.591,9.684,8.808,8.712,8.835,9.679,9.563
Senegal,SEN,GDP (constant 2015 US$),17774766696.1759,18904543055.8656,20304894471.3123,21565674310.7132,22560634320.127,22863414676.2849,24359596784.117
Senegal,SEN,GDP per capita (constant 2015 US$),1218.00613555438,1257.40906915928,1312.10932776049,1355.09610863712,1379.60875249861,1361.79143748646,1414.5395109385
Senegal,SEN,"Government expenditure on education, total (% of GDP)",5.45634984970093,5.11309003829956,4.74007987976074,5.11019992828369,5.03525018692017,5.6869797706604,5.61201000213623
Senegal,SEN,"Unemployment, total (% of total labor force) (modeled ILO estimate)",6.757,4.455,4.078,3.453,2.863,3.432,3.436
Sierra Leone,SLE,GDP (constant 2015 US$),6788352974.78329,7225348888.80731,7457128029.04966,7672926606.69678,8095145458.32686,7993685031.06354,8465060863.02376
Sierra Leone,SLE,GDP per capita (constant 2015 US$),964.575980888989,1002.77862282013,1010.54694071207,1015.6678297205,1046.96778078594,1010.25294614757,1045.7661615758
Sierra Leone,SLE,"Government expenditure on education, total (% of GDP)",3.21786273563993,1.84832000732422,3.0150101184845,4.46809005737305,4.65177011489868,5.34702014923096,5.59322023391724
Sierra Leone,SLE,"Unemployment, total (% of total labor force) (modeled ILO estimate)",4.483,4.182,3.656,3.192,3.204,3.509,3.551
Singapore,SGP,GDP (constant 2015 US$),307998545269.398,319541032495.045,333846562289.746,345370865382.867,349888458531.086,336541232520.503,369376902514.865
Singapore,SGP,GDP per capita (constant 2015 US$),55645.6068614606,56986.7853102911,59485.3015873921,61250.3476672302,61345.5291820062,59189.70385743,67731.2610711717
Singapore,SGP,"Government expenditure on education, total (% of GDP)",2.99161870509909,2.94466258946576,2.87916382421742,2.85314011573792,2.72783994674683,2.69227004051208,2.82732009887695
Singapore,SGP,"Unemployment, total (% of total labor force) (modeled ILO estimate)",3.79,4.08,4.2,3.613,3.1,4.1,4.64
Slovak Republic,SVK,GDP (constant 2015 US$),89178548717.3324,90915584911.6973,93529165482.8938,97328432250.4869,99543529164.3085,96969818857.1148,102454294896.646
Slovak Republic,SVK,GDP per capita (constant 2015 US$),16442.0760860018,16740.7413996428,17195.2888721963,17869.0149173679,18250.9802475637,17763.8563847352,18808.4540496595
Slovak Republic,SVK,"Government expenditure on education, total (% of GDP)",4.56416988372803,3.88375997543335,3.91876006126404,3.93534994125366,4.26779985427856,4.720290184021,4.71766996383667
Slovak Republic,SVK,"Unemployment, total (% of total labor force) (modeled ILO estimate)",11.492,9.679,8.142,6.544,5.761,6.719,6.894
Slovenia,SVN,GDP (constant 2015 US$),42709468274.8137,44005450729.606,46282469720.8281,48309217703.4135,50002578162.6734,47959972369.9892,51996698295.6593
Slovenia,SVN,GDP per capita (constant 2015 US$),20697.2748530619,21309.7122138949,22397.7634988337,23293.966665323,23943.1800949889,22811.8050540778,24665.4410464026
Slovenia,SVN,"Government expenditure on education, total (% of GDP)",4.95528984069824,4.84419012069702,4.82381010055542,4.97948980331421,4.93479013442993,5.41901016235352,5.39167022705078
Slovenia,SVN,"Unemployment, total (% of total labor force) (modeled ILO estimate)",8.962,8.0,6.564,5.108,4.446,4.971,4.744
South Africa,ZAF,GDP (constant 2015 US$),346709790458.563,349013858372.625,353055253707.071,358551560868.533,359483563936.676,337307318679.639,353695896167.047
South Africa,ZAF,GDP per capita (constant 2015 US$),6112.27382485974,6095.295060428,6125.6920507497,6117.2701406047,6032.82972598668,5569.58483319272,5750.90937479584
South Africa,ZAF,"Government expenditure on education, total (% of GDP)",5.48285007476807,5.4442400932312,5.59868001937866,5.64401006698608,5.91159009933472,6.17067003250122,6.5551700592041
South Africa,ZAF,"Unemployment, total (% of total labor force) (modeled ILO estimate)",25.149,26.536,27.035,26.906,28.468,29.217,34.007
Spain,ESP,GDP (constant 2015 US$),1206164777553.12,1241326362266.48,1277275696051.09,1307871701701.25,1333521400432.69,1187633217292.02,1267004457826.92
Spain,ESP,GDP per capita (constant 2015 US$),25982.4416197775,26719.2442268615,27426.281015093,27956.7225466484,28301.4393949563,25077.019882928,26705.3629138959
Spain,ESP,"Government expenditure on education, total (% of GDP)",4.24903011322021,4.19327020645142,4.17846012115479,4.15045022964478,4.20255994796753,4.85118007659912,4.81316995620728
Spain,ESP,"Unemployment, total (% of total labor force) (modeled ILO estimate)",22.057,19.635,17.224,15.255,14.104,15.532,14.914
St. Lucia,LCA,GDP (constant 2015 US$),1807640740.74074,1869604354.17882,1932793731.46772,1988589215.44077,1974662679.79464,1493605760.01109,1666845859.70761
St. Lucia,LCA,GDP per capita (constant 2015 US$),10334.9860823918,10644.1612913407,10960.4843512477,11233.8883578457,11114.7785940338,8379.27495097388,9336.92127417129
St. Lucia,LCA,"Government expenditure on education, total (% of GDP)",3.88088011741638,5.20954990386963,3.6273152206015,3.33277988433838,3.27267003059387,3.61522006988525,5.86197746335882
St. Lucia,LCA,"Unemployment, total (% of total labor force) (modeled ILO estimate)",20.84,19.932,19.136,19.329,15.613,25.224,20.514
Suriname,SUR,GDP (constant 2015 US$),5126237646.22072,4874454256.1508,4950790053.58146,5195768566.26648,5256433828.6406,4416708447.1504,4309144555.20541
Suriname,SUR,GDP per capita (constant 2015 US$),8813.61705392067,8293.31553031406,8338.69235401862,8666.64870697797,8677.30522021731,7213.10766669943,6973.89941868115
Suriname,SUR,"Government expenditure on education, total (% of GDP)",5.53479610522553,5.64051904970974,5.45861311514349,4.92259355761269,6.77857289012664,4.58425708265782,4.13154972947739
Suriname,SUR,"Unemployment, total (% of total labor force) (modeled ILO estimate)",7.22,7.917,7.905,7.817,7.755,8.973,8.706
Sweden,SWE,GDP (constant 2015 US$),501602351911.6,512292396637.964,521937949816.044,531177584320.755,545031918111.884,534492107010.626,562423939232.591
Sweden,SWE,GDP per capita (constant 2015 US$),51188.1652120493,51626.3235312369,51894.3748177808,52203.0872589761,53024.4099494317,51624.5811789573,53997.1337068799
Sweden,SWE,"Government expenditure on education, total (% of GDP)",7.49442005157471,7.63991022109985,7.63849020004272,7.69825983047485,7.66307020187378,7.95333003997803,7.60224008560181
Sweden,SWE,"Unemployment, total (% of total labor force) (modeled ILO estimate)",7.432,6.99,6.718,6.365,6.833,8.291,8.803
Switzerland,CHE,GDP (constant 2015 US$),694118186379.628,708477337740.424,718132464454.115,738674254331.744,747109782755.794,731108655210.761,771755519734.1
Switzerland,CHE,GDP per capita (constant 2015 US$),83806.4476003837,84611.0998672721,84967.5886498224,86756.6022327472,87123.6604234257,84637.0132935333,88661.2029776281
Switzerland,CHE,"Government expenditure on education, total (% of GDP)",4.99560022354126,4.98164987564087,5.01765012741089,4.9300799369812,5.01438999176025,5.27676010131836,5.02535009384155
Switzerland,CHE,"Unemployment, total (% of total labor force) (modeled ILO estimate)",4.801,4.918,4.797,4.713,4.394,4.817,5.013
Tajikistan,TJK,GDP (constant 2015 US$),8271431485.07484,8842160257.54501,9469953672.84779,10189670046.8255,10943705646.9105,11425228817.4554,12499200274.9255
Tajikistan,TJK,GDP per capita (constant 2015 US$),956.916310930656,997.352614556708,1042.26391757642,1094.8002018221,1148.34676712493,1171.90127480359,1254.06999592306
Tajikistan,TJK,"Government expenditure on education, total (% of GDP)",4.96774005889893,5.73094142576332,5.54471764262202,5.38508736377556,5.48427628435415,5.13516829187823,4.38253082077599
Tajikistan,TJK,"Unemployment, total (% of total labor force) (modeled ILO estimate)",7.033,7.036,7.035,7.028,7.026,7.576,7.687
Tanzania,TZA,GDP (constant 2015 US$),47413919817.124,50669888784.2555,54078588995.4215,57054358529.8857,60363511324.6004,61565931105.4141,64226431583.1539
Tanzania,TZA,GDP per capita (constant 2015 US$),939.127319335938,970.156127929688,1001.55895996094,1024.01525878906,1051.7666015625,1041.25964355469,1054.31726074219
Tanzania,TZA,"Government expenditure on education, total (% of GDP)",4.19486548285076,4.10196721791864,4.43052005767822,3.69962000846863,3.59683638888648,3.23097255920833,3.11515335288784
Tanzania,TZA,"Unemployment, total (% of total labor force) (modeled ILO estimate)",2.009,1.931,1.854,1.792,1.735,1.792,1.876
Thailand,THA,GDP (constant 2015 US$),401296238228.084,415081396923.293,432422173710.333,450682801200.339,460212749509.626,432369701127.278,439080796986.82
Thailand,THA,GDP per capita (constant 2015 US$),5688.85335397884,5857.78052935926,6076.74307700082,6314.19948412043,6434.53770518034,6035.18627737077,6121.52696529713
Thailand,THA,"Government expenditure on education, total (% of GDP)",3.86397622727286,3.76761756770937,3.46532147640365,3.19769395901619,3.02221411183282,3.15314171737183,2.98212428478268
Thailand,THA,"Unemployment, total (% of total labor force) (modeled ILO estimate)",0.597,0.688,0.83,0.765,0.716,1.099,1.215
Timor-Leste,TLS,GDP (constant 2015 US$),1590282371.46446,1638148814.59482,1586016118.47795,1578617315.67268,1960846014.97769,2582938981.94735,2721637681.74972
Timor-Leste,TLS,GDP per capita (constant 2015 US$),1319.59295003154,1333.65856117568,1267.08661597675,1237.2006590123,1507.24743550088,1947.83992943521,2015.82035757039
Timor-Leste,TLS,"Government expenditure on education, total (% of GDP)",8.46706962585449,8.12837982177734,7.17093992233276,6.848060131073,4.17968913742937,3.65287360437751,2.97389404101318
Timor-Leste,TLS,"Unemployment, total (% of total labor force) (modeled ILO estimate)",3.678,4.657,4.254,3.765,3.148,2.808,2.344
Togo,TGO,GDP (constant 2015 US$),5755457836.01866,5998044851.32381,6238441246.41392,6537585941.16754,6859420393.24743,7007740719.48155,7367160812.92227
Togo,TGO,GDP per capita (constant 2015 US$),751.051987587248,763.276185353302,774.274897347436,791.592405216309,810.512262603518,808.300697079208,829.786700130989
Togo,TGO,"Government expenditure on education, total (% of GDP)",3.71096992492676,3.6624801158905,3.76526999473572,4.09162998199463,4.20164196626882,4.08528017372931,4.22702442483079
Togo,TGO,"Unemployment, total (% of total labor force) (modeled ILO estimate)",2.204,2.968,3.744,2.9,2.036,2.231,2.344
Trinidad and Tobago,TTO,GDP (constant 2015 US$),26841141793.2143,24818295899.8941,23608962518.1707,23385751652.6468,23495134887.9587,21430194900.9331,21276595987.8665
Trinidad and Tobago,TTO,GDP per capita (constant 2015 US$),19887.2327716498,18331.034459758,17402.6155328454,17205.615135339,17225.361633712,15679.9611486825,15558.0940536829
Trinidad and Tobago,TTO,"Government expenditure on education, total (% of GDP)",4.42459330779419,4.21428227509361,3.3293687903123,3.47141762674052,3.55386116245268,4.22041988372803,3.04397988319397
Trinidad and Tobago,TTO,"Unemployment, total (% of total labor force) (modeled ILO estimate)",2.428,3.207,3.389,3.497,3.523,4.206,4.446
Turkiye,TUR,GDP (constant 2015 US$),865460050683.656,894225044186.927,964205820086.089,997645953748.995,1010631549472.6,1028853867659.94,1150372769727.98
Turkiye,TUR,GDP per capita (constant 2015 US$),11064.6494504662,11279.6169531569,12005.6459824832,12255.0082146169,12238.2950220128,12338.643833135,13670.938029516
Turkiye,TUR,"Government expenditure on education, total (% of GDP)",4.30550003051758,4.62773990631104,4.32369995117188,4.29729986190796,4.44776010513306,4.03382015228271,3.53787994384766
Turkiye,TUR,"Unemployment, total (% of total labor force) (modeled ILO estimate)",10.304,10.899,10.919,10.956,13.73,13.148,11.969
Uganda,UGA,GDP (constant 2015 US$),32387183730.1002,33935615078.9833,34998276801.8745,37204541496.6985,39600047064.28,40768765796.4748,42210585952.7826
Uganda,UGA,GDP per capita (constant 2015 US$),862.934610355811,874.648370639216,871.093880017151,895.07512785438,920.939101515671,917.0350317644,919.401675217265
Uganda,UGA,"Government expenditure on education, total (% of GDP)",2.32152009010315,2.13789010047913,2.25362992286682,2.13052010536194,2.30828081242322,2.57222181308255,2.63593612308533
Uganda,UGA,"Unemployment, total (% of total labor force) (modeled ILO estimate)",2.681,3.002,3.428,3.249,3.057,3.819,3.416
Ukraine,UKR,GDP (constant 2015 US$),91030967789.0717,93253017277.0895,95453762636.0202,98783535744.1445,101944118786.821,98118341608.386,101499127457.564
Ukraine,UKR,GDP per capita (constant 2015 US$),2094.47387695313,2156.0830078125,2217.7529296875,2308.6669921875,2398.07836914063,2324.107421875,2426.6123046875
Ukraine,UKR,"Government expenditure on education, total (% of GDP)",5.33951727495092,5.00976991653442,5.41706991195679,5.3199200630188,5.44129991531372,5.38230991363525,5.14010000228882
Ukraine,UKR,"Unemployment, total (% of total labor force) (modeled ILO estimate)",9.14,9.35,9.5,8.799,8.194,9.475,9.834
United Kingdom,GBR,GDP (constant 2015 US$),2945579890258.46,3010574705731.3,3101591068534.48,3149707010747.53,3189276748351.15,2868821517197.41,3113908148054.35
United Kingdom,GBR,GDP per capita (constant 2015 US$),45255.3449216209,45888.0105130748,47018.0254757676,47514.7763693453,47864.7588712634,42982.4631007642,46487.3424706549
United Kingdom,GBR,"Government expenditure on education, total (% of GDP)",5.55453014373779,5.42795991897583,5.45254993438721,5.20438003540039,5.26116991043091,5.43936014175415,5.90681982040405
United Kingdom,GBR,"Unemployment, total (% of total labor force) (modeled ILO estimate)",5.552,4.909,4.501,4.145,3.657,4.472,4.864
United States,USA,GDP (constant 2015 US$),18206020741000.0,18537270454435.6,18992846546661.7,19556270302218.3,20061570168697.6,19627632559934.5,20816096100824.5
United States,USA,GDP per capita (constant 2015 US$),56572.9188996063,57151.4708448372,58151.7021391854,59526.665698712,60750.9898621637,59194.6665172031,62680.2503585805
United States,USA,"Government expenditure on education, total (% of GDP)",4.93064022064209,4.78327989578247,5.09296989440918,4.89502000808716,4.95746994018555,5.39530992507935,5.42038011550903
United States,USA,"Unemployment, total (% of total labor force) (modeled ILO estimate)",5.28,4.869,4.355,3.896,3.669,8.055,5.349
Uruguay,URY,GDP (constant 2015 US$),57680327998.6689,58655009160.0858,59675827116.7172,59774159517.7554,60329073609.8215,55890466349.1545,59156857853.7605
Uruguay,URY,GDP per capita (constant 2015 US$),17125.9016800298,17357.2349992841,17611.6036701032,17608.9441195037,17758.4384372986,16443.3635000843,17416.0052208869
Uruguay,URY,"Government expenditure on education, total (% of GDP)",4.20636987686157,4.36420011520386,4.41787004470825,4.60361003875732,4.62834978103638,4.55217981338501,4.46211004257202
Uruguay,URY,"Unemployment, total (% of total labor force) (modeled ILO estimate)",7.488,7.841,7.89,8.336,8.836,10.413,9.328
Uzbekistan,UZB,GDP (constant 2015 US$),86196264755.3105,91309557164.505,95322862968.5109,100622047495.601,107444145839.577,109123866128.148,117891622986.822
Uzbekistan,UZB,GDP per capita (constant 2015 US$),2803.19018021751,2918.67725852903,2995.76761437743,3108.1618786112,3259.36964632494,3249.05191094018,3442.7248445034
Uzbekistan,UZB,"Government expenditure on education, total (% of GDP)",5.49444007873535,5.38089990615845,4.48249006271362,4.83589298172277,6.29534678547216,4.44021987915039,4.13580989837646
Uzbekistan,UZB,"Unemployment, total (% of total labor force) (modeled ILO estimate)",5.15,5.16,5.83,5.392,4.936,5.293,5.364
Vanuatu,VUT,GDP (constant 2015 US$),759690180.951654,786063165.282252,820749507.202776,844553132.872594,871926684.758592,828395819.755769,815536673.766002
Vanuatu,VUT,GDP per capita (constant 2015 US$),2854.89412272653,2889.01404801498,2946.96186165079,2960.65376683153,2986.2036911437,2771.87098808052,2666.30269843855
Vanuatu,VUT,"Government expenditure on education, total (% of GDP)",5.39081001281738,7.67742589514444,4.53353023529053,8.60634669948001,1.77407002449036,2.17358994483948,10.1102406419734
Vanuatu,VUT,"Unemployment, total (% of total labor force) (modeled ILO estimate)",5.168,5.197,5.247,5.353,5.444,4.046,4.776
Viet Nam,VNM,GDP (constant 2015 US$),239258328381.741,255264731908.124,272980590259.187,293358610036.841,314947640805.601,323972192107.065,332245562394.77
Viet Nam,VNM,GDP per capita (constant 2015 US$),2577.56885340113,2715.57887431272,2868.13680013379,3048.28327602145,3241.07648966529,3303.16949807493,3358.21734764714
Viet Nam,VNM,"Government expenditure on education, total (% of GDP)",3.41660449674943,3.46906995773315,3.41865686539527,3.29537010192871,3.08499832693462,3.21652900152514,2.94517488804327
Viet Nam,VNM,"Unemployment, total (% of total labor force) (modeled ILO estimate)",1.848,1.848,1.874,1.161,1.681,2.103,2.383
Zambia,ZMB,GDP (constant 2015 US$),21251216798.7762,22049221308.1088,22826646593.6169,23747586257.2512,24089861649.0155,23418945736.8993,24879098747.8861
Zambia,ZMB,GDP per capita (constant 2015 US$),1295.87788680068,1303.57513869133,1308.76829240086,1321.25045711573,1301.18132976178,1228.73500113195,1269.10821808895
Zambia,ZMB,"Government expenditure on education, total (% of GDP)",4.62433004379272,3.74792003631592,3.72964000701904,4.73973989486694,4.4182401844799,3.94374100561712,3.11363465307753
Zambia,ZMB,"Unemployment, total (% of total labor force) (modeled ILO estimate)",5.951,5.244,4.529,5.032,5.538,6.032,5.197
